{
    "left": {
        "camera_matrix": [
            [
                1022.04232,
                0.0,
                717.20263
            ],
            [
                0.0,
                1021.7321,
                526.5926
            ],
            [
                0.0,
                0.0,
                1.0
            ]
        ],
        "distortion_coeffs": [
            -0.285933,
            0.126441,
            -0.003511,
            -0.004595,
            0.0
        ],
        "R": [
            [
                0.9980677,
                0.01056097,
                -0.06123186
            ],
            [
                -0.0102366,
                0.99993187,
                0.00560875
            ],
            [
                0.06128692,
                -0.0049711,
                0.99810781
            ]
        ],
        "P": [
            [
                816.4891,
                0.0,
                798.21945,
                0.0
            ],
            [
                0.0,
                816.4891,
                507.2324,
                0.0
            ],
            [
                0.0,
                0.0,
                1.0,
                0.0
            ]
        ],
        "camera_matrix_rectified": [
            [
                816.4891,
                0.0,
                798.21945
            ],
            [
                0.0,
                816.4891,
                507.2324
            ],
            [
                0.0,
                0.0,
                1.0
            ]
        ],
        "rmat": [
            [
                -0.9966069214050278,
                -0.07378308767145149,
                -0.0364787634283251
            ],
            [
                0.03341276130749088,
                0.042370528153786835,
                -0.9985431015863949
            ],
            [
                0.07522121768092727,
                -0.996373822577468,
                -0.039761464924755185
            ]
        ],
        "tvec": [
            [
                10.654996550937945
            ],
            [
                -7.602608733769939
            ],
            [
                24.487902475744715
            ]
        ],
        "camera_pos": [
            9.030857618469845,
            25.507390088715297,
            -6.229176531285015
        ],
        "camera_rot": [
            -92.28524264955676,
            -4.313933049371239,
            178.07979117562508
        ]
    },
    "right": {
        "camera_matrix": [
            [
                1031.0649,
                0.0,
                736.84919
            ],
            [
                0.0,
                1031.3994,
                514.92194
            ],
            [
                0.0,
                0.0,
                1.0
            ]
        ],
        "distortion_coeffs": [
            -0.296966,
            0.14248,
            -0.004835,
            0.000885,
            0.0
        ],
        "R": [
            [
                0.99958228,
                0.0125355,
                -0.02604068
            ],
            [
                -0.01267316,
                0.99990654,
                -0.00512799
            ],
            [
                0.02597397,
                0.00545587,
                0.99964773
            ]
        ],
        "P": [
            [
                816.4891,
                0.0,
                798.21945,
                -170.07088
            ],
            [
                0.0,
                816.4891,
                507.2324,
                0.0
            ],
            [
                0.0,
                0.0,
                1.0,
                0.0
            ]
        ],
        "camera_matrix_rectified": [
            [
                816.4891,
                0.0,
                798.21945
            ],
            [
                0.0,
                816.4891,
                507.2324
            ],
            [
                0.0,
                0.0,
                1.0
            ]
        ],
        "rmat": [
            [
                -0.9966069214050277,
                -0.07378308767145147,
                -0.0364787634283251
            ],
            [
                0.03341276130749087,
                0.04237052815378683,
                -0.9985431015863949
            ],
            [
                0.07522121768092725,
                -0.9963738225774679,
                -0.039761464924755185
            ]
        ],
        "tvec": [
            [
                10.447407966917112
            ],
            [
                -7.595649011075791
            ],
            [
                24.5035707053459
            ]
        ],
        "camera_pos": [
            8.82256227196736,
            25.507390088715294,
            -6.229176531285016
        ],
        "camera_rot": [
            -92.28524264955676,
            -4.313933049371239,
            178.07979117562508
        ]
    }
}